model_family,model,feature_set,iso3,year,observed_count,predicted_median,lower_90,upper_90,absolute_error,interval_width,covered_90,country,cases,incidence_per_100k,quality_grade,surveillance_completeness,quality_flag
covariate_block,all_public,all_public,AUT,2023,97,270.4175768385059,126.52259383320344,469.9328056481431,173.4175768385059,343.41021181493966,False,Austria,97,1.0622266614292686,B,comprehensive,False
covariate_block,all_public,all_public,AUT,2023,97,150.06173035137363,0.0,366.9865492366525,53.061730351373626,366.9865492366525,True,Austria,97,1.0622266614292686,B,comprehensive,False
covariate_block,all_public,all_public,BEL,2023,99,108.52485941324314,0.0,308.0400882228803,9.524859413243135,308.0400882228803,True,Belgium,99,0.8404113227683727,C,not_comprehensive,True
covariate_block,all_public,all_public,BEL,2023,99,70.08463932731566,0.0,287.0094582125946,28.915360672684344,287.0094582125946,True,Belgium,99,0.8404113227683727,C,not_comprehensive,True
covariate_block,all_public,all_public,BGR,2023,6,51.91271428816346,0.0,251.4279430978006,45.91271428816346,251.4279430978006,True,Bulgaria,6,0.093072374940201,B,comprehensive,False
covariate_block,all_public,all_public,BGR,2023,6,23.009044127808448,0.0,239.93386301308735,17.009044127808448,239.93386301308735,True,Bulgaria,6,0.093072374940201,B,comprehensive,False
covariate_block,all_public,all_public,HRV,2023,2,75.66028657856882,0.0,275.175515388206,73.66028657856882,275.175515388206,True,Croatia,2,0.0518176867237386,B,comprehensive,False
covariate_block,all_public,all_public,HRV,2023,2,27.611591104527864,0.0,244.5364099898068,25.611591104527864,244.5364099898068,True,Croatia,2,0.0518176867237386,B,comprehensive,False
covariate_block,all_public,all_public,CYP,2023,0,10.1060798274281,0.0,209.62130863706523,10.1060798274281,209.62130863706523,True,Cyprus,0,0.0,C,unspecified,True
covariate_block,all_public,all_public,CYP,2023,0,2.83349933385502,0.0,219.758318219134,2.83349933385502,219.758318219134,True,Cyprus,0,0.0,C,unspecified,True
covariate_block,all_public,all_public,CZE,2023,11,87.11708856076011,0.0,286.6323173703973,76.11708856076011,286.6323173703973,True,Czechia,11,0.1012514495065464,B,comprehensive,False
covariate_block,all_public,all_public,CZE,2023,11,54.497755127979566,0.0,271.4225740132585,43.497755127979566,271.4225740132585,True,Czechia,11,0.1012514495065464,B,comprehensive,False
covariate_block,all_public,all_public,EST,2023,19,27.52830507409961,0.0,227.0435338837368,8.52830507409961,227.0435338837368,True,Estonia,19,1.386571854342816,B,comprehensive,False
covariate_block,all_public,all_public,EST,2023,19,15.621794881978136,0.0,232.54661376725707,3.3782051180218637,232.54661376725707,True,Estonia,19,1.386571854342816,B,comprehensive,False
covariate_block,all_public,all_public,FIN,2023,806,1577.591401875677,1433.6964188703746,1777.1066306853145,771.5914018756771,343.4102118149399,False,Finland,806,14.43432748122239,B,comprehensive,False
covariate_block,all_public,all_public,FIN,2023,806,1750.2876890230102,1582.4795400858557,1967.212507908289,944.2876890230102,384.73296782243324,False,Finland,806,14.43432748122239,B,comprehensive,False
covariate_block,all_public,all_public,FRA,2023,50,609.2191370865698,465.32415408126735,808.734365896207,559.2191370865698,343.41021181493966,False,France,50,0.073129045297681,B,comprehensive,False
covariate_block,all_public,all_public,FRA,2023,50,276.814666404049,109.00651746689452,493.739485289328,226.81466640404898,384.73296782243347,False,France,50,0.073129045297681,B,comprehensive,False
covariate_block,all_public,all_public,DEU,2023,335,1978.2128024412248,1834.3178194359225,2177.728031250862,1643.2128024412248,343.41021181493943,False,Germany,335,0.4022223179284547,B,comprehensive,False
covariate_block,all_public,all_public,DEU,2023,335,870.5551615805143,702.7470126433599,1087.4799804657932,535.5551615805143,384.73296782243335,False,Germany,335,0.4022223179284547,B,comprehensive,False
covariate_block,all_public,all_public,GRC,2023,1,53.1901972756557,0.0,252.70542608529288,52.1901972756557,252.70542608529288,True,Greece,1,0.009608593003157,B,comprehensive,False
covariate_block,all_public,all_public,GRC,2023,1,17.286043237881138,0.0,234.21086212316007,16.286043237881138,234.21086212316007,True,Greece,1,0.009608593003157,B,comprehensive,False
covariate_block,all_public,all_public,HUN,2023,11,76.01167467313954,0.0,275.5269034827767,65.01167467313954,275.5269034827767,True,Hungary,11,0.1146766753688888,B,comprehensive,False
covariate_block,all_public,all_public,HUN,2023,11,26.913278570354382,0.0,243.8380974556333,15.913278570354382,243.8380974556333,True,Hungary,11,0.1146766753688888,B,comprehensive,False
covariate_block,all_public,all_public,IRL,2023,0,52.59980321710865,0.0,252.1150320267458,52.59980321710865,252.1150320267458,True,Ireland,0,0.0,B,comprehensive,False
covariate_block,all_public,all_public,IRL,2023,0,19.95645249236707,0.0,236.881271377646,19.95645249236707,236.881271377646,True,Ireland,0,0.0,B,comprehensive,False
covariate_block,all_public,all_public,ITA,2023,0,354.76306324963133,210.8680802443289,554.2782920592686,354.76306324963133,343.41021181493966,False,Italy,0,0.0,B,comprehensive,False
covariate_block,all_public,all_public,ITA,2023,0,90.28583155248336,0.0,307.2106504377623,90.28583155248336,307.2106504377623,True,Italy,0,0.0,B,comprehensive,False
covariate_block,all_public,all_public,LVA,2023,4,20.499995853179488,0.0,220.01522466281665,16.499995853179488,220.01522466281665,True,Latvia,4,0.2123469111487436,B,comprehensive,False
covariate_block,all_public,all_public,LVA,2023,4,12.26467886221642,0.0,229.18949774749532,8.26467886221642,229.18949774749532,True,Latvia,4,0.2123469111487436,B,comprehensive,False
covariate_block,all_public,all_public,LIE,2023,0,1.4738927738368004,0.0,200.989121583474,1.4738927738368004,200.989121583474,True,Liechtenstein,0,0.0,B,comprehensive,False
covariate_block,all_public,all_public,LIE,2023,0,0.0404572653724491,0.0,216.9652761506514,0.0404572653724491,216.9652761506514,True,Liechtenstein,0,0.0,B,comprehensive,False
covariate_block,all_public,all_public,LTU,2023,0,19.063156663569767,0.0,218.5783854732069,19.063156663569767,218.5783854732069,True,Lithuania,0,0.0,B,comprehensive,False
covariate_block,all_public,all_public,LTU,2023,0,6.502727592729266,0.0,223.4275464780082,6.502727592729266,223.4275464780082,True,Lithuania,0,0.0,B,comprehensive,False
covariate_block,all_public,all_public,LUX,2023,5,39.85916775640271,0.0,239.37439656603988,34.85916775640271,239.37439656603988,True,Luxembourg,5,0.7502663445523161,B,comprehensive,False
covariate_block,all_public,all_public,LUX,2023,5,14.232170225753825,0.0,231.1569891110328,9.232170225753825,231.1569891110328,True,Luxembourg,5,0.7502663445523161,B,comprehensive,False
covariate_block,all_public,all_public,MLT,2023,0,3.4202229204310006,0.0,202.93545173006817,3.4202229204310006,202.93545173006817,True,Malta,0,0.0,B,comprehensive,False
covariate_block,all_public,all_public,MLT,2023,0,0.5731147471125232,0.0,217.4979336323915,0.5731147471125232,217.4979336323915,True,Malta,0,0.0,B,comprehensive,False
covariate_block,all_public,all_public,NLD,2023,0,148.98567102149124,5.090688016188778,348.50089983112844,148.98567102149124,343.41021181493966,False,Netherlands,0,0.0,B,comprehensive,False
covariate_block,all_public,all_public,NLD,2023,0,73.68883126972388,0.0,290.6136501550028,73.68883126972388,290.6136501550028,True,Netherlands,0,0.0,B,comprehensive,False
covariate_block,all_public,all_public,NOR,2023,15,101.76863923751434,0.0,301.2838680471515,86.76863923751434,301.2838680471515,True,Norway,15,0.2717587738678937,B,comprehensive,False
covariate_block,all_public,all_public,NOR,2023,15,54.16041482047213,0.0,271.0852337057511,39.16041482047213,271.0852337057511,True,Norway,15,0.2717587738678937,B,comprehensive,False
covariate_block,all_public,all_public,POL,2023,43,317.1024452826362,173.20746227733375,516.6176740922733,274.1024452826362,343.41021181493954,False,Poland,43,0.1172066025041381,B,comprehensive,False
covariate_block,all_public,all_public,POL,2023,43,134.5470532059556,0.0,351.47187209123456,91.54705320595559,351.47187209123456,True,Poland,43,0.1172066025041381,B,comprehensive,False
covariate_block,all_public,all_public,PRT,2023,0,38.218049142909685,0.0,237.73327795254684,38.218049142909685,237.73327795254684,True,Portugal,0,0.0,B,comprehensive,False
covariate_block,all_public,all_public,PRT,2023,0,15.21259802494716,0.0,232.1374169102261,15.21259802494716,232.1374169102261,True,Portugal,0,0.0,B,comprehensive,False
covariate_block,all_public,all_public,ROU,2023,6,172.54822522058504,28.65324221528257,372.0634540302222,166.54822522058504,343.41021181493966,False,Romania,6,0.0314777843962734,B,comprehensive,False
covariate_block,all_public,all_public,ROU,2023,6,59.54329466117057,0.0,276.4681135464495,53.54329466117057,276.4681135464495,True,Romania,6,0.0314777843962734,B,comprehensive,False
covariate_block,all_public,all_public,SVK,2023,154,69.20130974570161,0.0,268.7165385553388,84.79869025429839,268.7165385553388,True,Slovakia,154,2.837799489196092,B,comprehensive,False
covariate_block,all_public,all_public,SVK,2023,154,40.26009165585928,0.0,257.1849105411382,113.73990834414073,257.1849105411382,True,Slovakia,154,2.837799489196092,B,comprehensive,False
covariate_block,all_public,all_public,SVN,2023,64,5363.563399723485,5219.668416718183,5563.078628533122,5299.563399723485,343.41021181493943,False,Slovenia,64,3.0182116058724966,B,comprehensive,False
covariate_block,all_public,all_public,SVN,2023,64,395.22448759879313,227.41633866163863,612.1493064840721,331.22448759879313,384.73296782243347,False,Slovenia,64,3.0182116058724966,B,comprehensive,False
covariate_block,all_public,all_public,ESP,2023,0,321.9742021476301,178.07921914232762,521.4894309572672,321.9742021476301,343.41021181493966,False,Spain,0,0.0,B,comprehensive,False
covariate_block,all_public,all_public,ESP,2023,0,137.9934660839176,0.0,354.9182849691965,137.9934660839176,354.9182849691965,True,Spain,0,0.0,B,comprehensive,False
covariate_block,all_public,all_public,SWE,2023,157,56.79375996762288,0.0,256.30898877726,100.20624003237711,256.30898877726,True,Sweden,157,1.4900397014909508,B,comprehensive,False
covariate_block,all_public,all_public,SWE,2023,157,148.72403615969378,0.0,365.6488550449727,8.275963840306218,365.6488550449727,True,Sweden,157,1.4900397014909508,B,comprehensive,False
covariate_block,climate,climate,AUT,2023,97,260.83947058212283,101.3918320798116,465.34546033276376,163.83947058212283,363.95362825295217,False,Austria,97,1.0622266614292686,B,comprehensive,False
covariate_block,climate,climate,AUT,2023,97,140.68880673162724,0.0,361.7263061893504,43.68880673162724,361.7263061893504,True,Austria,97,1.0622266614292686,B,comprehensive,False
covariate_block,climate,climate,BEL,2023,99,102.17533235739972,0.0,306.68132210804066,3.175332357399725,306.68132210804066,True,Belgium,99,0.8404113227683727,C,not_comprehensive,True
covariate_block,climate,climate,BEL,2023,99,65.68936256700574,0.0,286.7268620247289,33.310637432994255,286.7268620247289,True,Belgium,99,0.8404113227683727,C,not_comprehensive,True
covariate_block,climate,climate,BGR,2023,6,52.360926857003726,0.0,256.86691660764467,46.360926857003726,256.86691660764467,True,Bulgaria,6,0.093072374940201,B,comprehensive,False
covariate_block,climate,climate,BGR,2023,6,26.862610177502717,0.0,247.90010963522587,20.862610177502717,247.90010963522587,True,Bulgaria,6,0.093072374940201,B,comprehensive,False
covariate_block,climate,climate,HRV,2023,2,77.6037508756188,0.0,282.10974062625974,75.6037508756188,282.10974062625974,True,Croatia,2,0.0518176867237386,B,comprehensive,False
covariate_block,climate,climate,HRV,2023,2,29.23992717035648,0.0,250.27742662807964,27.23992717035648,250.27742662807964,True,Croatia,2,0.0518176867237386,B,comprehensive,False
covariate_block,climate,climate,CYP,2023,0,9.675464307418093,0.0,214.18145405805905,9.675464307418093,214.18145405805905,True,Cyprus,0,0.0,C,unspecified,True
covariate_block,climate,climate,CYP,2023,0,2.094292393640941,0.0,223.13179185136408,2.094292393640941,223.13179185136408,True,Cyprus,0,0.0,C,unspecified,True
covariate_block,climate,climate,CZE,2023,11,85.08919009079115,0.0,289.5951798414321,74.08919009079115,289.5951798414321,True,Czechia,11,0.1012514495065464,B,comprehensive,False
covariate_block,climate,climate,CZE,2023,11,56.213563140147365,0.0,277.25106259787054,45.213563140147365,277.25106259787054,True,Czechia,11,0.1012514495065464,B,comprehensive,False
covariate_block,climate,climate,EST,2023,19,26.59077485790024,0.0,231.0967646085412,7.590774857900239,231.0967646085412,True,Estonia,19,1.386571854342816,B,comprehensive,False
covariate_block,climate,climate,EST,2023,19,15.162116204463658,0.0,236.19961566218683,3.8378837955363423,236.19961566218683,True,Estonia,19,1.386571854342816,B,comprehensive,False
covariate_block,climate,climate,FIN,2023,806,1628.114561446096,1468.6669229437848,1832.620551196737,822.1145614460961,363.9536282529523,False,Finland,806,14.43432748122239,B,comprehensive,False
covariate_block,climate,climate,FIN,2023,806,1855.674343462792,1675.439464015531,2076.711842920515,1049.674343462792,401.2723789049842,False,Finland,806,14.43432748122239,B,comprehensive,False
covariate_block,climate,climate,FRA,2023,50,647.3962180958207,487.9485795935095,851.9022078464617,597.3962180958207,363.95362825295217,False,France,50,0.073129045297681,B,comprehensive,False
covariate_block,climate,climate,FRA,2023,50,329.3741012491876,149.13922180192637,550.4116007069108,279.3741012491876,401.2723789049844,False,France,50,0.073129045297681,B,comprehensive,False
covariate_block,climate,climate,DEU,2023,335,2005.2620693079905,1845.8144308056792,2209.7680590586315,1670.2620693079905,363.9536282529523,False,Germany,335,0.4022223179284547,B,comprehensive,False
covariate_block,climate,climate,DEU,2023,335,895.7707326658784,715.5358532186171,1116.8082321236016,560.7707326658784,401.2723789049844,False,Germany,335,0.4022223179284547,B,comprehensive,False
covariate_block,climate,climate,GRC,2023,1,58.79403873415042,0.0,263.30002848479137,57.79403873415042,263.30002848479137,True,Greece,1,0.009608593003157,B,comprehensive,False
covariate_block,climate,climate,GRC,2023,1,28.060373133387884,0.0,249.09787259111104,27.060373133387884,249.09787259111104,True,Greece,1,0.009608593003157,B,comprehensive,False
covariate_block,climate,climate,HUN,2023,11,72.26564798735787,0.0,276.77163773799884,61.265647987357866,276.77163773799884,True,Hungary,11,0.1146766753688888,B,comprehensive,False
covariate_block,climate,climate,HUN,2023,11,26.0055652645504,0.0,247.0430647222736,15.005565264550398,247.0430647222736,True,Hungary,11,0.1146766753688888,B,comprehensive,False
covariate_block,climate,climate,IRL,2023,0,53.76583887635108,0.0,258.27182862699203,53.76583887635108,258.27182862699203,True,Ireland,0,0.0,B,comprehensive,False
covariate_block,climate,climate,IRL,2023,0,15.283916601074385,0.0,236.32141605879755,15.283916601074385,236.32141605879755,True,Ireland,0,0.0,B,comprehensive,False
covariate_block,climate,climate,ITA,2023,0,404.3634877286937,244.91584922638248,608.8694774793347,404.3634877286937,363.9536282529522,False,Italy,0,0.0,B,comprehensive,False
covariate_block,climate,climate,ITA,2023,0,133.015259485008,0.0,354.05275894273115,133.015259485008,354.05275894273115,True,Italy,0,0.0,B,comprehensive,False
covariate_block,climate,climate,LVA,2023,4,19.690315851408563,0.0,224.19630560204956,15.690315851408563,224.19630560204956,True,Latvia,4,0.2123469111487436,B,comprehensive,False
covariate_block,climate,climate,LVA,2023,4,12.258825079038814,0.0,233.296324536762,8.258825079038814,233.296324536762,True,Latvia,4,0.2123469111487436,B,comprehensive,False
covariate_block,climate,climate,LIE,2023,0,2.395219736025834,0.0,206.9012094866668,2.395219736025834,206.9012094866668,True,Liechtenstein,0,0.0,B,comprehensive,False
covariate_block,climate,climate,LIE,2023,0,0.1174878912472232,0.0,221.1549873489704,0.1174878912472232,221.1549873489704,True,Liechtenstein,0,0.0,B,comprehensive,False
covariate_block,climate,climate,LTU,2023,0,19.321921116476872,0.0,223.82791086711785,19.321921116476872,223.82791086711785,True,Lithuania,0,0.0,B,comprehensive,False
covariate_block,climate,climate,LTU,2023,0,6.999079891820642,0.0,228.03657934954376,6.999079891820642,228.03657934954376,True,Lithuania,0,0.0,B,comprehensive,False
covariate_block,climate,climate,LUX,2023,5,42.968155691825096,0.0,247.47414544246607,37.968155691825096,247.47414544246607,True,Luxembourg,5,0.7502663445523161,B,comprehensive,False
covariate_block,climate,climate,LUX,2023,5,14.317093079267778,0.0,235.3545925369909,9.317093079267778,235.3545925369909,True,Luxembourg,5,0.7502663445523161,B,comprehensive,False
covariate_block,climate,climate,MLT,2023,0,3.443468240939642,0.0,207.9494579915806,3.443468240939642,207.9494579915806,True,Malta,0,0.0,B,comprehensive,False
covariate_block,climate,climate,MLT,2023,0,0.7004948547169091,0.0,221.7379943124401,0.7004948547169091,221.7379943124401,True,Malta,0,0.0,B,comprehensive,False
covariate_block,climate,climate,NLD,2023,0,147.67154925299928,0.0,352.1775390036403,147.67154925299928,352.1775390036403,True,Netherlands,0,0.0,B,comprehensive,False
covariate_block,climate,climate,NLD,2023,0,74.18859173963558,0.0,295.2260911973588,74.18859173963558,295.2260911973588,True,Netherlands,0,0.0,B,comprehensive,False
covariate_block,climate,climate,NOR,2023,15,123.9317872119099,0.0,328.43777696255086,108.9317872119099,328.43777696255086,True,Norway,15,0.2717587738678937,B,comprehensive,False
covariate_block,climate,climate,NOR,2023,15,67.70350929195496,0.0,288.74100874967814,52.70350929195496,288.74100874967814,True,Norway,15,0.2717587738678937,B,comprehensive,False
covariate_block,climate,climate,POL,2023,43,306.89334913491274,147.4457106326015,511.3993388855537,263.89334913491274,363.95362825295217,False,Poland,43,0.1172066025041381,B,comprehensive,False
covariate_block,climate,climate,POL,2023,43,127.50916212322716,0.0,348.54666158095034,84.50916212322716,348.54666158095034,True,Poland,43,0.1172066025041381,B,comprehensive,False
covariate_block,climate,climate,PRT,2023,0,37.61817747067766,0.0,242.12416722131863,37.61817747067766,242.12416722131863,True,Portugal,0,0.0,B,comprehensive,False
covariate_block,climate,climate,PRT,2023,0,18.089497889670348,0.0,239.1269973473935,18.089497889670348,239.1269973473935,True,Portugal,0,0.0,B,comprehensive,False
covariate_block,climate,climate,ROU,2023,6,166.96169582852733,7.51405732621609,371.4676855791683,160.96169582852733,363.95362825295217,False,Romania,6,0.0314777843962734,B,comprehensive,False
covariate_block,climate,climate,ROU,2023,6,55.54379116017592,0.0,276.58129061789907,49.54379116017592,276.58129061789907,True,Romania,6,0.0314777843962734,B,comprehensive,False
covariate_block,climate,climate,SVK,2023,154,67.65039058706704,0.0,272.156380337708,86.34960941293296,272.156380337708,True,Slovakia,154,2.837799489196092,B,comprehensive,False
covariate_block,climate,climate,SVK,2023,154,38.77387855462072,0.0,259.8113780123439,115.22612144537928,259.8113780123439,True,Slovakia,154,2.837799489196092,B,comprehensive,False
covariate_block,climate,climate,SVN,2023,64,5786.683312531423,5627.2356740291125,5991.189302282064,5722.683312531423,363.9536282529516,False,Slovenia,64,3.0182116058724966,B,comprehensive,False
covariate_block,climate,climate,SVN,2023,64,436.2098310141024,255.9749515668411,657.2473304718255,372.2098310141024,401.2723789049844,False,Slovenia,64,3.0182116058724966,B,comprehensive,False
covariate_block,climate,climate,ESP,2023,0,306.5383724785719,147.09073397626065,511.0443622292129,306.5383724785719,363.9536282529522,False,Spain,0,0.0,B,comprehensive,False
covariate_block,climate,climate,ESP,2023,0,146.76867365060002,0.0,367.8061731083232,146.76867365060002,367.8061731083232,True,Spain,0,0.0,B,comprehensive,False
covariate_block,climate,climate,SWE,2023,157,45.48935507094464,0.0,249.9953448215856,111.51064492905536,249.9953448215856,True,Sweden,157,1.4900397014909508,B,comprehensive,False
covariate_block,climate,climate,SWE,2023,157,131.17551861360553,0.0,352.2130180713287,25.824481386394467,352.2130180713287,True,Sweden,157,1.4900397014909508,B,comprehensive,False
covariate_block,context,context,AUT,2023,97,292.3277611135685,138.04738974684224,524.3890950117208,195.3277611135685,386.34170526487856,False,Austria,97,1.0622266614292686,B,comprehensive,False
covariate_block,context,context,AUT,2023,97,121.01558500157496,0.0,350.499614840786,24.015585001574962,350.499614840786,True,Austria,97,1.0622266614292686,B,comprehensive,False
covariate_block,context,context,BEL,2023,99,158.69198935068752,4.411617983961264,390.7533232488398,59.69198935068752,386.34170526487856,True,Belgium,99,0.8404113227683727,C,not_comprehensive,True
covariate_block,context,context,BEL,2023,99,82.95541120479476,0.0,312.43944104400583,16.044588795205243,312.43944104400583,True,Belgium,99,0.8404113227683727,C,not_comprehensive,True
covariate_block,context,context,BGR,2023,6,54.69287501594375,0.0,286.75420891409607,48.69287501594375,286.75420891409607,True,Bulgaria,6,0.093072374940201,B,comprehensive,False
covariate_block,context,context,BGR,2023,6,23.699091880006183,0.0,253.18312171921727,17.699091880006183,253.18312171921727,True,Bulgaria,6,0.093072374940201,B,comprehensive,False
covariate_block,context,context,HRV,2023,2,90.70752999481728,0.0,322.7688638929696,88.70752999481728,322.7688638929696,True,Croatia,2,0.0518176867237386,B,comprehensive,False
covariate_block,context,context,HRV,2023,2,36.94512332987963,0.0,266.4291531690907,34.94512332987963,266.4291531690907,True,Croatia,2,0.0518176867237386,B,comprehensive,False
covariate_block,context,context,CYP,2023,0,8.538644977305157,0.0,240.59997887545745,8.538644977305157,240.59997887545745,True,Cyprus,0,0.0,C,unspecified,True
covariate_block,context,context,CYP,2023,0,2.0064843087395907,0.0,231.49051414795068,2.0064843087395907,231.49051414795068,True,Cyprus,0,0.0,C,unspecified,True
covariate_block,context,context,CZE,2023,11,102.82241169731957,0.0,334.88374559547185,91.82241169731957,334.88374559547185,True,Czechia,11,0.1012514495065464,B,comprehensive,False
covariate_block,context,context,CZE,2023,11,47.36233119769632,0.0,276.8463610369074,36.36233119769632,276.8463610369074,True,Czechia,11,0.1012514495065464,B,comprehensive,False
covariate_block,context,context,EST,2023,19,20.33442823288153,0.0,252.39576213103385,1.3344282328815282,252.39576213103385,True,Estonia,19,1.386571854342816,B,comprehensive,False
covariate_block,context,context,EST,2023,19,10.360210481774995,0.0,239.84424032098607,8.639789518225005,239.84424032098607,True,Estonia,19,1.386571854342816,B,comprehensive,False
covariate_block,context,context,FIN,2023,806,1566.0246590025877,1411.7442876358614,1798.08599290074,760.0246590025877,386.34170526487856,False,Finland,806,14.43432748122239,B,comprehensive,False
covariate_block,context,context,FIN,2023,806,1824.213349698258,1614.955647827853,2053.6973795374693,1018.2133496982581,438.74173170961626,False,Finland,806,14.43432748122239,B,comprehensive,False
covariate_block,context,context,FRA,2023,50,845.7169838381246,691.4366124713983,1077.778317736277,795.7169838381246,386.34170526487856,False,France,50,0.073129045297681,B,comprehensive,False
covariate_block,context,context,FRA,2023,50,391.0950266604204,181.83732479001537,620.5790564996314,341.0950266604204,438.74173170961603,False,France,50,0.073129045297681,B,comprehensive,False
covariate_block,context,context,DEU,2023,335,2098.8090352302124,1944.528663863486,2330.870369128365,1763.8090352302124,386.341705264879,False,Germany,335,0.4022223179284547,B,comprehensive,False
covariate_block,context,context,DEU,2023,335,898.5288550456518,689.2711531752468,1128.0128848848628,563.5288550456518,438.74173170961603,False,Germany,335,0.4022223179284547,B,comprehensive,False
covariate_block,context,context,GRC,2023,1,84.53794455427925,0.0,316.5992784524316,83.53794455427925,316.5992784524316,True,Greece,1,0.009608593003157,B,comprehensive,False
covariate_block,context,context,GRC,2023,1,33.10919761903398,0.0,262.59322745824505,32.10919761903398,262.59322745824505,True,Greece,1,0.009608593003157,B,comprehensive,False
covariate_block,context,context,HUN,2023,11,82.40332053704859,0.0,314.4646544352009,71.40332053704859,314.4646544352009,True,Hungary,11,0.1146766753688888,B,comprehensive,False
covariate_block,context,context,HUN,2023,11,36.36137465453925,0.0,265.8454044937503,25.361374654539247,265.8454044937503,True,Hungary,11,0.1146766753688888,B,comprehensive,False
covariate_block,context,context,IRL,2023,0,68.36757710861164,0.0,300.42891100676394,68.36757710861164,300.42891100676394,True,Ireland,0,0.0,B,comprehensive,False
covariate_block,context,context,IRL,2023,0,26.97166858951295,0.0,256.455698428724,26.97166858951295,256.455698428724,True,Ireland,0,0.0,B,comprehensive,False
covariate_block,context,context,ITA,2023,0,392.43824350752175,238.1578721407955,624.499577405674,392.43824350752175,386.34170526487856,False,Italy,0,0.0,B,comprehensive,False
covariate_block,context,context,ITA,2023,0,96.70859823403146,0.0,326.19262807324253,96.70859823403146,326.19262807324253,True,Italy,0,0.0,B,comprehensive,False
covariate_block,context,context,LVA,2023,4,16.590977150912444,0.0,248.65231104906476,12.590977150912444,248.65231104906476,True,Latvia,4,0.2123469111487436,B,comprehensive,False
covariate_block,context,context,LVA,2023,4,7.639906172910035,0.0,237.1239360121211,3.6399061729100346,237.1239360121211,True,Latvia,4,0.2123469111487436,B,comprehensive,False
covariate_block,context,context,LIE,2023,0,0.5513756881207054,0.0,232.612709586273,0.5513756881207054,232.612709586273,True,Liechtenstein,0,0.0,B,comprehensive,False
covariate_block,context,context,LIE,2023,0,0.0748757325675421,0.0,229.5589055717786,0.0748757325675421,229.5589055717786,True,Liechtenstein,0,0.0,B,comprehensive,False
covariate_block,context,context,LTU,2023,0,16.624966873390175,0.0,248.68630077154248,16.624966873390175,248.68630077154248,True,Lithuania,0,0.0,B,comprehensive,False
covariate_block,context,context,LTU,2023,0,3.336941042831184,0.0,232.82097088204225,3.336941042831184,232.82097088204225,True,Lithuania,0,0.0,B,comprehensive,False
covariate_block,context,context,LUX,2023,5,35.28486742546357,0.0,267.34620132361584,30.284867425463567,267.34620132361584,True,Luxembourg,5,0.7502663445523161,B,comprehensive,False
covariate_block,context,context,LUX,2023,5,13.781529060032868,0.0,243.265558899244,8.781529060032868,243.265558899244,True,Luxembourg,5,0.7502663445523161,B,comprehensive,False
covariate_block,context,context,MLT,2023,0,4.288504596127821,0.0,236.3498384942801,4.288504596127821,236.3498384942801,True,Malta,0,0.0,B,comprehensive,False
covariate_block,context,context,MLT,2023,0,1.1190118282914137,0.0,230.60304166750248,1.1190118282914137,230.60304166750248,True,Malta,0,0.0,B,comprehensive,False
covariate_block,context,context,NLD,2023,0,244.16989270821304,89.88952134148678,476.2312266063653,244.16989270821304,386.3417052648785,False,Netherlands,0,0.0,B,comprehensive,False
covariate_block,context,context,NLD,2023,0,115.8767950370714,0.0,345.36082487628244,115.8767950370714,345.36082487628244,True,Netherlands,0,0.0,B,comprehensive,False
covariate_block,context,context,NOR,2023,15,111.8519274095708,0.0,343.91326130772313,96.8519274095708,343.91326130772313,True,Norway,15,0.2717587738678937,B,comprehensive,False
covariate_block,context,context,NOR,2023,15,58.44051265318546,0.0,287.92454249239654,43.44051265318546,287.92454249239654,True,Norway,15,0.2717587738678937,B,comprehensive,False
covariate_block,context,context,POL,2023,43,293.8000091901048,139.51963782337853,525.8613430882571,250.8000091901048,386.34170526487856,False,Poland,43,0.1172066025041381,B,comprehensive,False
covariate_block,context,context,POL,2023,43,131.12184945712175,0.0,360.6058792963328,88.12184945712175,360.6058792963328,True,Poland,43,0.1172066025041381,B,comprehensive,False
covariate_block,context,context,PRT,2023,0,57.9587411181237,0.0,290.020075016276,57.9587411181237,290.020075016276,True,Portugal,0,0.0,B,comprehensive,False
covariate_block,context,context,PRT,2023,0,11.034123765312083,0.0,240.51815360452315,11.034123765312083,240.51815360452315,True,Portugal,0,0.0,B,comprehensive,False
covariate_block,context,context,ROU,2023,6,136.56645345769977,0.0,368.6277873558521,130.56645345769977,368.6277873558521,True,Romania,6,0.0314777843962734,B,comprehensive,False
covariate_block,context,context,ROU,2023,6,60.88373147385722,0.0,290.3677613130683,54.88373147385722,290.3677613130683,True,Romania,6,0.0314777843962734,B,comprehensive,False
covariate_block,context,context,SVK,2023,154,62.04983447386763,0.0,294.1111683720199,91.95016552613237,294.1111683720199,True,Slovakia,154,2.837799489196092,B,comprehensive,False
covariate_block,context,context,SVK,2023,154,36.38651073154966,0.0,265.87054057076074,117.61348926845034,265.87054057076074,True,Slovakia,154,2.837799489196092,B,comprehensive,False
covariate_block,context,context,SVN,2023,64,4928.279498644817,4773.999127278091,5160.340832542969,4864.279498644817,386.3417052648783,False,Slovenia,64,3.0182116058724966,B,comprehensive,False
covariate_block,context,context,SVN,2023,64,464.0479518744438,254.7902500040388,693.5319817136549,400.0479518744438,438.7417317096161,False,Slovenia,64,3.0182116058724966,B,comprehensive,False
covariate_block,context,context,ESP,2023,0,322.0212304854192,167.74085911869295,554.0825643835715,322.0212304854192,386.34170526487856,False,Spain,0,0.0,B,comprehensive,False
covariate_block,context,context,ESP,2023,0,75.1702162772619,0.0,304.65424611647296,75.1702162772619,304.65424611647296,True,Spain,0,0.0,B,comprehensive,False
covariate_block,context,context,SWE,2023,157,34.35385313016539,0.0,266.4151870283177,122.64614686983461,266.4151870283177,True,Sweden,157,1.4900397014909508,B,comprehensive,False
covariate_block,context,context,SWE,2023,157,61.52553335796645,0.0,291.0095631971775,95.47446664203355,291.0095631971775,True,Sweden,157,1.4900397014909508,B,comprehensive,False
covariate_block,land_use,land_use,AUT,2023,97,306.33261755947416,140.43564333656295,538.3916934621409,209.33261755947416,397.9560501255779,False,Austria,97,1.0622266614292686,B,comprehensive,False
covariate_block,land_use,land_use,AUT,2023,97,133.7445151662618,0.0,377.04770953676257,36.744515166261806,377.04770953676257,True,Austria,97,1.0622266614292686,B,comprehensive,False
covariate_block,land_use,land_use,BEL,2023,99,140.87310495434727,0.0,372.932180857014,41.87310495434727,372.932180857014,True,Belgium,99,0.8404113227683727,C,not_comprehensive,True
covariate_block,land_use,land_use,BEL,2023,99,64.12945587645186,0.0,307.43265024695256,34.87054412354814,307.43265024695256,True,Belgium,99,0.8404113227683727,C,not_comprehensive,True
covariate_block,land_use,land_use,BGR,2023,6,52.14215471762313,0.0,284.2012306202899,46.14215471762313,284.2012306202899,True,Bulgaria,6,0.093072374940201,B,comprehensive,False
covariate_block,land_use,land_use,BGR,2023,6,22.00080698388992,0.0,265.30400135439066,16.00080698388992,265.30400135439066,True,Bulgaria,6,0.093072374940201,B,comprehensive,False
covariate_block,land_use,land_use,HRV,2023,2,82.34664373010372,0.0,314.40571963277046,80.34664373010372,314.40571963277046,True,Croatia,2,0.0518176867237386,B,comprehensive,False
covariate_block,land_use,land_use,HRV,2023,2,32.70176104508967,0.0,276.0049554155904,30.70176104508967,276.0049554155904,True,Croatia,2,0.0518176867237386,B,comprehensive,False
covariate_block,land_use,land_use,CYP,2023,0,8.021101865511657,0.0,240.08017776817843,8.021101865511657,240.08017776817843,True,Cyprus,0,0.0,C,unspecified,True
covariate_block,land_use,land_use,CYP,2023,0,1.73668172998665,0.0,245.0398761004874,1.73668172998665,245.0398761004874,True,Cyprus,0,0.0,C,unspecified,True
covariate_block,land_use,land_use,CZE,2023,11,104.36914568367251,0.0,336.4282215863393,93.36914568367251,336.4282215863393,True,Czechia,11,0.1012514495065464,B,comprehensive,False
covariate_block,land_use,land_use,CZE,2023,11,47.67323615935535,0.0,290.9764305298561,36.67323615935535,290.9764305298561,True,Czechia,11,0.1012514495065464,B,comprehensive,False
covariate_block,land_use,land_use,EST,2023,19,23.483600723940377,0.0,255.54267662660715,4.483600723940377,255.54267662660715,True,Estonia,19,1.386571854342816,B,comprehensive,False
covariate_block,land_use,land_use,EST,2023,19,14.344610031194785,0.0,257.6478044016955,4.655389968805215,257.6478044016955,True,Estonia,19,1.386571854342816,B,comprehensive,False
covariate_block,land_use,land_use,FIN,2023,806,1538.927824112459,1373.0308498895474,1770.9869000151257,732.9278241124589,397.95605012557826,False,Finland,806,14.43432748122239,B,comprehensive,False
covariate_block,land_use,land_use,FIN,2023,806,1749.2331773333826,1569.0606447499702,1992.5363717038836,943.2331773333826,423.4757269539134,False,Finland,806,14.43432748122239,B,comprehensive,False
covariate_block,land_use,land_use,FRA,2023,50,815.5789758871005,649.6820016641892,1047.6380517897671,765.5789758871005,397.9560501255779,False,France,50,0.073129045297681,B,comprehensive,False
covariate_block,land_use,land_use,FRA,2023,50,347.940009267766,167.76747668435345,591.2432036382667,297.940009267766,423.4757269539132,False,France,50,0.073129045297681,B,comprehensive,False
covariate_block,land_use,land_use,DEU,2023,335,2114.2295870154435,1948.332612792532,2346.2886629181103,1779.2295870154435,397.95605012557826,False,Germany,335,0.4022223179284547,B,comprehensive,False
covariate_block,land_use,land_use,DEU,2023,335,861.6700782135304,681.4975456301179,1104.973272584031,526.6700782135304,423.4757269539132,False,Germany,335,0.4022223179284547,B,comprehensive,False
covariate_block,land_use,land_use,GRC,2023,1,81.50597292454607,0.0,313.5650488272128,80.50597292454607,313.5650488272128,True,Greece,1,0.009608593003157,B,comprehensive,False
covariate_block,land_use,land_use,GRC,2023,1,35.85230234970802,0.0,279.1554967202088,34.85230234970802,279.1554967202088,True,Greece,1,0.009608593003157,B,comprehensive,False
covariate_block,land_use,land_use,HUN,2023,11,71.95369189666846,0.0,304.0127677993352,60.95369189666846,304.0127677993352,True,Hungary,11,0.1146766753688888,B,comprehensive,False
covariate_block,land_use,land_use,HUN,2023,11,20.38909097359017,0.0,263.6922853440909,9.389090973590172,263.6922853440909,True,Hungary,11,0.1146766753688888,B,comprehensive,False
covariate_block,land_use,land_use,IRL,2023,0,56.21935167735474,0.0,288.2784275800215,56.21935167735474,288.2784275800215,True,Ireland,0,0.0,B,comprehensive,False
covariate_block,land_use,land_use,IRL,2023,0,15.129124224951555,0.0,258.4323185954523,15.129124224951555,258.4323185954523,True,Ireland,0,0.0,B,comprehensive,False
covariate_block,land_use,land_use,ITA,2023,0,454.9291725356677,289.03219831275646,686.9882484383345,454.9291725356677,397.95605012557803,False,Italy,0,0.0,B,comprehensive,False
covariate_block,land_use,land_use,ITA,2023,0,132.9009472411569,0.0,376.2041416116576,132.9009472411569,376.2041416116576,True,Italy,0,0.0,B,comprehensive,False
covariate_block,land_use,land_use,LVA,2023,4,19.600573160869,0.0,251.65964906353577,15.600573160869,251.65964906353577,True,Latvia,4,0.2123469111487436,B,comprehensive,False
covariate_block,land_use,land_use,LVA,2023,4,11.585501013485707,0.0,254.88869538398643,7.5855010134857075,254.88869538398643,True,Latvia,4,0.2123469111487436,B,comprehensive,False
covariate_block,land_use,land_use,LIE,2023,0,0.7756254525278484,0.0,232.83470135519465,0.7756254525278484,232.83470135519465,True,Liechtenstein,0,0.0,B,comprehensive,False
covariate_block,land_use,land_use,LIE,2023,0,0.0893877780083787,0.0,243.39258214850912,0.0893877780083787,243.39258214850912,True,Liechtenstein,0,0.0,B,comprehensive,False
covariate_block,land_use,land_use,LTU,2023,0,20.502116182236065,0.0,252.5611920849028,20.502116182236065,252.5611920849028,True,Lithuania,0,0.0,B,comprehensive,False
covariate_block,land_use,land_use,LTU,2023,0,5.785132377196354,0.0,249.0883267476971,5.785132377196354,249.0883267476971,True,Lithuania,0,0.0,B,comprehensive,False
covariate_block,land_use,land_use,LUX,2023,5,38.39994858384807,0.0,270.4590244865148,33.39994858384807,270.4590244865148,True,Luxembourg,5,0.7502663445523161,B,comprehensive,False
covariate_block,land_use,land_use,LUX,2023,5,14.376840441396729,0.0,257.6800348118975,9.376840441396729,257.6800348118975,True,Luxembourg,5,0.7502663445523161,B,comprehensive,False
covariate_block,land_use,land_use,MLT,2023,0,3.320933126848437,0.0,235.3800090295152,3.320933126848437,235.3800090295152,True,Malta,0,0.0,B,comprehensive,False
covariate_block,land_use,land_use,MLT,2023,0,0.3754049701935982,0.0,243.67859934069432,0.3754049701935982,243.67859934069432,True,Malta,0,0.0,B,comprehensive,False
covariate_block,land_use,land_use,NLD,2023,0,195.69403112844483,29.797056905533623,427.7531070311116,195.69403112844483,397.956050125578,False,Netherlands,0,0.0,B,comprehensive,False
covariate_block,land_use,land_use,NLD,2023,0,68.78664180207878,0.0,312.0898361725795,68.78664180207878,312.0898361725795,True,Netherlands,0,0.0,B,comprehensive,False
covariate_block,land_use,land_use,NOR,2023,15,122.50291329505724,0.0,354.561989197724,107.50291329505724,354.561989197724,True,Norway,15,0.2717587738678937,B,comprehensive,False
covariate_block,land_use,land_use,NOR,2023,15,66.30764409231386,0.0,309.6108384628146,51.307644092313865,309.6108384628146,True,Norway,15,0.2717587738678937,B,comprehensive,False
covariate_block,land_use,land_use,POL,2023,43,273.2300190870127,107.33304486410148,505.2890949896795,230.2300190870127,397.95605012557803,False,Poland,43,0.1172066025041381,B,comprehensive,False
covariate_block,land_use,land_use,POL,2023,43,95.74916459599774,0.0,339.05235896649845,52.74916459599774,339.05235896649845,True,Poland,43,0.1172066025041381,B,comprehensive,False
covariate_block,land_use,land_use,PRT,2023,0,67.36204852084217,0.0,299.4211244235089,67.36204852084217,299.4211244235089,True,Portugal,0,0.0,B,comprehensive,False
covariate_block,land_use,land_use,PRT,2023,0,21.95138425578004,0.0,265.2545786262808,21.95138425578004,265.2545786262808,True,Portugal,0,0.0,B,comprehensive,False
covariate_block,land_use,land_use,ROU,2023,6,115.81819052252642,0.0,347.8772664251932,109.81819052252642,347.8772664251932,True,Romania,6,0.0314777843962734,B,comprehensive,False
covariate_block,land_use,land_use,ROU,2023,6,33.2094315162433,0.0,276.51262588674405,27.2094315162433,276.51262588674405,True,Romania,6,0.0314777843962734,B,comprehensive,False
covariate_block,land_use,land_use,SVK,2023,154,60.21574367385503,0.0,292.2748195765218,93.78425632614497,292.2748195765218,True,Slovakia,154,2.837799489196092,B,comprehensive,False
covariate_block,land_use,land_use,SVK,2023,154,33.28982015047873,0.0,276.59301452097947,120.71017984952127,276.59301452097947,True,Slovakia,154,2.837799489196092,B,comprehensive,False
covariate_block,land_use,land_use,SVN,2023,64,4577.405028859578,4411.508054636667,4809.4641047622445,4513.405028859578,397.95605012557735,False,Slovenia,64,3.0182116058724966,B,comprehensive,False
covariate_block,land_use,land_use,SVN,2023,64,446.20698903093177,266.03445644751923,689.5101834014325,382.20698903093177,423.4757269539133,False,Slovenia,64,3.0182116058724966,B,comprehensive,False
covariate_block,land_use,land_use,ESP,2023,0,390.23286730620464,224.33589308329343,622.2919432088714,390.23286730620464,397.95605012557803,False,Spain,0,0.0,B,comprehensive,False
covariate_block,land_use,land_use,ESP,2023,0,133.62329694795898,0.0,376.9264913184597,133.62329694795898,376.9264913184597,True,Spain,0,0.0,B,comprehensive,False
covariate_block,land_use,land_use,SWE,2023,157,64.11060936603212,0.0,296.1696852686989,92.88939063396788,296.1696852686989,True,Sweden,157,1.4900397014909508,B,comprehensive,False
covariate_block,land_use,land_use,SWE,2023,157,119.5937006120784,0.0,362.8968949825791,37.40629938792161,362.8968949825791,True,Sweden,157,1.4900397014909508,B,comprehensive,False
covariate_block,surveillance_only,surveillance_only,AUT,2023,97,263.693211521912,131.83910597642463,495.73212981772383,166.69321152191202,363.89302384129917,False,Austria,97,1.0622266614292686,B,comprehensive,False
covariate_block,surveillance_only,surveillance_only,AUT,2023,97,106.59007818211371,0.0,345.2423700022597,9.590078182113714,345.2423700022597,True,Austria,97,1.0622266614292686,B,comprehensive,False
covariate_block,surveillance_only,surveillance_only,BEL,2023,99,132.1156544246126,0.2615488791252573,364.1545727204244,33.115654424612586,363.89302384129917,True,Belgium,99,0.8404113227683727,C,not_comprehensive,True
covariate_block,surveillance_only,surveillance_only,BEL,2023,99,66.57027039793248,0.0,305.22256221807845,32.429729602067525,305.22256221807845,True,Belgium,99,0.8404113227683727,C,not_comprehensive,True
covariate_block,surveillance_only,surveillance_only,BGR,2023,6,67.96761081872434,0.0,300.0065291145362,61.96761081872434,300.0065291145362,True,Bulgaria,6,0.093072374940201,B,comprehensive,False
covariate_block,surveillance_only,surveillance_only,BGR,2023,6,30.218146979066454,0.0,268.8704387992124,24.218146979066454,268.8704387992124,True,Bulgaria,6,0.093072374940201,B,comprehensive,False
covariate_block,surveillance_only,surveillance_only,HRV,2023,2,106.24913025910232,0.0,338.28804855491416,104.24913025910232,338.28804855491416,True,Croatia,2,0.0518176867237386,B,comprehensive,False
covariate_block,surveillance_only,surveillance_only,HRV,2023,2,42.7463777884692,0.0,281.3986696086152,40.7463777884692,281.3986696086152,True,Croatia,2,0.0518176867237386,B,comprehensive,False
covariate_block,surveillance_only,surveillance_only,CYP,2023,0,10.05993681136509,0.0,242.0988551071769,10.05993681136509,242.0988551071769,True,Cyprus,0,0.0,C,unspecified,True
covariate_block,surveillance_only,surveillance_only,CYP,2023,0,2.7749410765951303,0.0,241.42723289674112,2.7749410765951303,241.42723289674112,True,Cyprus,0,0.0,C,unspecified,True
covariate_block,surveillance_only,surveillance_only,CZE,2023,11,111.46027457777082,0.0,343.4991928735827,100.46027457777082,343.4991928735827,True,Czechia,11,0.1012514495065464,B,comprehensive,False
covariate_block,surveillance_only,surveillance_only,CZE,2023,11,50.16639308872147,0.0,288.81868490886745,39.16639308872147,288.81868490886745,True,Czechia,11,0.1012514495065464,B,comprehensive,False
covariate_block,surveillance_only,surveillance_only,EST,2023,19,21.8633244051423,0.0,253.90224270095413,2.8633244051423006,253.90224270095413,True,Estonia,19,1.386571854342816,B,comprehensive,False
covariate_block,surveillance_only,surveillance_only,EST,2023,19,10.876795361659765,0.0,249.52908718180572,8.123204638340235,249.52908718180572,True,Estonia,19,1.386571854342816,B,comprehensive,False
covariate_block,surveillance_only,surveillance_only,FIN,2023,806,1526.2435000203632,1394.389394474876,1758.282418316175,720.2435000203632,363.8930238412988,False,Finland,806,14.43432748122239,B,comprehensive,False
covariate_block,surveillance_only,surveillance_only,FIN,2023,806,1753.4955892867947,1579.0961672864564,1992.1478811069408,947.4955892867947,413.05171382048434,False,Finland,806,14.43432748122239,B,comprehensive,False
covariate_block,surveillance_only,surveillance_only,FRA,2023,50,790.5059020047761,658.6517964592888,1022.544820300588,740.5059020047761,363.89302384129917,False,France,50,0.073129045297681,B,comprehensive,False
covariate_block,surveillance_only,surveillance_only,FRA,2023,50,350.5266349117288,176.1272129113906,589.1789267318748,300.5266349117288,413.05171382048417,False,France,50,0.073129045297681,B,comprehensive,False
covariate_block,surveillance_only,surveillance_only,DEU,2023,335,1828.2594733731453,1696.405367827658,2060.2983916689573,1493.2594733731453,363.8930238412993,False,Germany,335,0.4022223179284547,B,comprehensive,False
covariate_block,surveillance_only,surveillance_only,DEU,2023,335,766.8272081297462,592.427786129408,1005.4794999498922,431.82720812974617,413.0517138204842,False,Germany,335,0.4022223179284547,B,comprehensive,False
covariate_block,surveillance_only,surveillance_only,GRC,2023,1,98.13664358066924,0.0,330.1755618764811,97.13664358066924,330.1755618764811,True,Greece,1,0.009608593003157,B,comprehensive,False
covariate_block,surveillance_only,surveillance_only,GRC,2023,1,40.033393671868026,0.0,278.68568549201404,39.033393671868026,278.68568549201404,True,Greece,1,0.009608593003157,B,comprehensive,False
covariate_block,surveillance_only,surveillance_only,HUN,2023,11,99.75178400551998,0.0,331.7907023013318,88.75178400551998,331.7907023013318,True,Hungary,11,0.1146766753688888,B,comprehensive,False
covariate_block,surveillance_only,surveillance_only,HUN,2023,11,44.338629231158,0.0,282.990921051304,33.338629231158,282.990921051304,True,Hungary,11,0.1146766753688888,B,comprehensive,False
covariate_block,surveillance_only,surveillance_only,IRL,2023,0,39.72839415064991,0.0,271.76731244646174,39.72839415064991,271.76731244646174,True,Ireland,0,0.0,B,comprehensive,False
covariate_block,surveillance_only,surveillance_only,IRL,2023,0,10.95871225664692,0.0,249.6110040767929,10.95871225664692,249.6110040767929,True,Ireland,0,0.0,B,comprehensive,False
covariate_block,surveillance_only,surveillance_only,ITA,2023,0,441.18072428646286,309.3266187409755,673.2196425822747,441.18072428646286,363.89302384129917,False,Italy,0,0.0,B,comprehensive,False
covariate_block,surveillance_only,surveillance_only,ITA,2023,0,121.69564650161767,0.0,360.3479383217637,121.69564650161767,360.3479383217637,True,Italy,0,0.0,B,comprehensive,False
covariate_block,surveillance_only,surveillance_only,LVA,2023,4,19.905524943135305,0.0,251.94444323894717,15.905524943135305,251.94444323894717,True,Latvia,4,0.2123469111487436,B,comprehensive,False
covariate_block,surveillance_only,surveillance_only,LVA,2023,4,9.116816287519637,0.0,247.76910810766563,5.116816287519637,247.76910810766563,True,Latvia,4,0.2123469111487436,B,comprehensive,False
covariate_block,surveillance_only,surveillance_only,LIE,2023,0,0.1392392252225971,0.0,232.17815752103445,0.1392392252225971,232.17815752103445,True,Liechtenstein,0,0.0,B,comprehensive,False
covariate_block,surveillance_only,surveillance_only,LIE,2023,0,0.0,0.0,238.652291820146,0.0,238.652291820146,True,Liechtenstein,0,0.0,B,comprehensive,False
covariate_block,surveillance_only,surveillance_only,LTU,2023,0,21.478423145441862,0.0,253.5173414412537,21.478423145441862,253.5173414412537,True,Lithuania,0,0.0,B,comprehensive,False
covariate_block,surveillance_only,surveillance_only,LTU,2023,0,5.9246255482881685,0.0,244.57691736843412,5.9246255482881685,244.57691736843412,True,Lithuania,0,0.0,B,comprehensive,False
covariate_block,surveillance_only,surveillance_only,LUX,2023,5,19.48410901778221,0.0,251.52302731359404,14.48410901778221,251.52302731359404,True,Luxembourg,5,0.7502663445523161,B,comprehensive,False
covariate_block,surveillance_only,surveillance_only,LUX,2023,5,7.5315182049059475,0.0,246.18381002505197,2.5315182049059475,246.18381002505197,True,Luxembourg,5,0.7502663445523161,B,comprehensive,False
covariate_block,surveillance_only,surveillance_only,MLT,2023,0,4.13434878590519,0.0,236.17326708171703,4.13434878590519,236.17326708171703,True,Malta,0,0.0,B,comprehensive,False
covariate_block,surveillance_only,surveillance_only,MLT,2023,0,1.140422100665535,0.0,239.79271392081156,1.140422100665535,239.79271392081156,True,Malta,0,0.0,B,comprehensive,False
covariate_block,surveillance_only,surveillance_only,NLD,2023,0,180.98333934134348,49.12923379585615,413.02225763715535,180.98333934134348,363.89302384129917,False,Netherlands,0,0.0,B,comprehensive,False
covariate_block,surveillance_only,surveillance_only,NLD,2023,0,80.48524036888838,0.0,319.13753218903435,80.48524036888838,319.13753218903435,True,Netherlands,0,0.0,B,comprehensive,False
covariate_block,surveillance_only,surveillance_only,NOR,2023,15,60.16701124023681,0.0,292.20592953604864,45.16701124023681,292.20592953604864,True,Norway,15,0.2717587738678937,B,comprehensive,False
covariate_block,surveillance_only,surveillance_only,NOR,2023,15,28.63787710751451,0.0,267.2901689276605,13.637877107514509,267.2901689276605,True,Norway,15,0.2717587738678937,B,comprehensive,False
covariate_block,surveillance_only,surveillance_only,POL,2023,43,375.24791953646303,243.3938139909757,607.2868378322748,332.24791953646303,363.89302384129917,False,Poland,43,0.1172066025041381,B,comprehensive,False
covariate_block,surveillance_only,surveillance_only,POL,2023,43,167.06582659575284,0.0,405.71811841589886,124.06582659575284,405.71811841589886,True,Poland,43,0.1172066025041381,B,comprehensive,False
covariate_block,surveillance_only,surveillance_only,PRT,2023,0,79.12093748856864,0.0,311.1598557843805,79.12093748856864,311.1598557843805,True,Portugal,0,0.0,B,comprehensive,False
covariate_block,surveillance_only,surveillance_only,PRT,2023,0,21.824783154473103,0.0,260.4770749746191,21.824783154473103,260.4770749746191,True,Portugal,0,0.0,B,comprehensive,False
covariate_block,surveillance_only,surveillance_only,ROU,2023,6,190.12996021935837,58.27585467387101,422.16887851517015,184.12996021935837,363.89302384129917,False,Romania,6,0.0314777843962734,B,comprehensive,False
covariate_block,surveillance_only,surveillance_only,ROU,2023,6,85.19213639196884,0.0,323.84442821211485,79.19213639196884,323.84442821211485,True,Romania,6,0.0314777843962734,B,comprehensive,False
covariate_block,surveillance_only,surveillance_only,SVK,2023,154,77.36984845041898,0.0,309.4087667462308,76.63015154958102,309.4087667462308,True,Slovakia,154,2.837799489196092,B,comprehensive,False
covariate_block,surveillance_only,surveillance_only,SVK,2023,154,43.022678162819,0.0,281.67496998296497,110.977321837181,281.67496998296497,True,Slovakia,154,2.837799489196092,B,comprehensive,False
covariate_block,surveillance_only,surveillance_only,SVN,2023,64,4873.852408410726,4741.998302865239,5105.891326706537,4809.852408410726,363.8930238412986,False,Slovenia,64,3.0182116058724966,B,comprehensive,False
covariate_block,surveillance_only,surveillance_only,SVN,2023,64,479.4924420077956,305.0930200074574,718.1447338279415,415.4924420077956,413.0517138204841,False,Slovenia,64,3.0182116058724966,B,comprehensive,False
covariate_block,surveillance_only,surveillance_only,ESP,2023,0,361.659521322136,229.8054157766487,593.6984396179479,361.659521322136,363.89302384129917,False,Spain,0,0.0,B,comprehensive,False
covariate_block,surveillance_only,surveillance_only,ESP,2023,0,99.7604537957675,0.0,338.4127456159135,99.7604537957675,338.4127456159135,True,Spain,0,0.0,B,comprehensive,False
covariate_block,surveillance_only,surveillance_only,SWE,2023,157,21.441501023157045,0.0,253.48041931896887,135.55849897684294,253.48041931896887,True,Sweden,157,1.4900397014909508,B,comprehensive,False
covariate_block,surveillance_only,surveillance_only,SWE,2023,157,46.24505410599846,0.0,284.89734592614445,110.75494589400154,284.89734592614445,True,Sweden,157,1.4900397014909508,B,comprehensive,False
penalized_poisson,penalized_poisson_glm,all_public,AUT,2023,97,324.0,295.0,354.0,227.0,59.0,False,Austria,97,1.0622266614292686,B,comprehensive,False
penalized_poisson,penalized_poisson_glm,all_public,BEL,2023,99,47.0,36.0,58.0,52.0,22.0,False,Belgium,99,0.8404113227683727,C,not_comprehensive,True
penalized_poisson,penalized_poisson_glm,all_public,BGR,2023,6,21.0,14.0,29.0,15.0,15.0,False,Bulgaria,6,0.093072374940201,B,comprehensive,False
penalized_poisson,penalized_poisson_glm,all_public,HRV,2023,2,14.0,8.0,21.0,12.0,13.0,False,Croatia,2,0.0518176867237386,B,comprehensive,False
penalized_poisson,penalized_poisson_glm,all_public,CYP,2023,0,0.0,0.0,0.0,0.0,0.0,True,Cyprus,0,0.0,C,unspecified,True
penalized_poisson,penalized_poisson_glm,all_public,CZE,2023,11,46.0,35.0,57.0,35.0,22.0,False,Czechia,11,0.1012514495065464,B,comprehensive,False
penalized_poisson,penalized_poisson_glm,all_public,EST,2023,19,12.0,7.0,18.0,7.0,11.0,False,Estonia,19,1.386571854342816,B,comprehensive,False
penalized_poisson,penalized_poisson_glm,all_public,FIN,2023,806,2286.0,2208.0,2365.0,1480.0,157.0,False,Finland,806,14.43432748122239,B,comprehensive,False
penalized_poisson,penalized_poisson_glm,all_public,FRA,2023,50,340.0,310.0,371.0,290.0,61.0,False,France,50,0.073129045297681,B,comprehensive,False
penalized_poisson,penalized_poisson_glm,all_public,DEU,2023,335,2553.0,2470.0,2637.0,2218.0,167.0,False,Germany,335,0.4022223179284547,B,comprehensive,False
penalized_poisson,penalized_poisson_glm,all_public,GRC,2023,1,6.0,3.0,11.0,5.0,8.0,False,Greece,1,0.009608593003157,B,comprehensive,False
penalized_poisson,penalized_poisson_glm,all_public,HUN,2023,11,30.0,22.0,40.0,19.0,18.0,False,Hungary,11,0.1146766753688888,B,comprehensive,False
penalized_poisson,penalized_poisson_glm,all_public,IRL,2023,0,1.0,0.0,3.0,1.0,3.0,True,Ireland,0,0.0,B,comprehensive,False
penalized_poisson,penalized_poisson_glm,all_public,ITA,2023,0,2.0,0.0,4.0,2.0,4.0,True,Italy,0,0.0,B,comprehensive,False
penalized_poisson,penalized_poisson_glm,all_public,LVA,2023,4,9.0,5.0,15.0,5.0,10.0,False,Latvia,4,0.2123469111487436,B,comprehensive,False
penalized_poisson,penalized_poisson_glm,all_public,LIE,2023,0,0.0,0.0,0.0,0.0,0.0,True,Liechtenstein,0,0.0,B,comprehensive,False
penalized_poisson,penalized_poisson_glm,all_public,LTU,2023,0,0.0,0.0,1.0,0.0,1.0,True,Lithuania,0,0.0,B,comprehensive,False
penalized_poisson,penalized_poisson_glm,all_public,LUX,2023,5,46.0,35.0,57.0,41.0,22.0,False,Luxembourg,5,0.7502663445523161,B,comprehensive,False
penalized_poisson,penalized_poisson_glm,all_public,MLT,2023,0,0.0,0.0,0.0,0.0,0.0,True,Malta,0,0.0,B,comprehensive,False
penalized_poisson,penalized_poisson_glm,all_public,NLD,2023,0,35.0,26.0,45.0,35.0,19.0,False,Netherlands,0,0.0,B,comprehensive,False
penalized_poisson,penalized_poisson_glm,all_public,NOR,2023,15,122.0,104.0,140.0,107.0,36.0,False,Norway,15,0.2717587738678937,B,comprehensive,False
penalized_poisson,penalized_poisson_glm,all_public,POL,2023,43,111.0,94.0,129.0,68.0,35.0,False,Poland,43,0.1172066025041381,B,comprehensive,False
penalized_poisson,penalized_poisson_glm,all_public,PRT,2023,0,13.0,8.0,20.0,13.0,12.0,False,Portugal,0,0.0,B,comprehensive,False
penalized_poisson,penalized_poisson_glm,all_public,ROU,2023,6,105.0,89.0,123.0,99.0,34.0,False,Romania,6,0.0314777843962734,B,comprehensive,False
penalized_poisson,penalized_poisson_glm,all_public,SVK,2023,154,42.0,31.0,53.0,112.0,22.0,False,Slovakia,154,2.837799489196092,B,comprehensive,False
penalized_poisson,penalized_poisson_glm,all_public,SVN,2023,64,2800.0,2714.0,2888.0,2736.0,174.0,False,Slovenia,64,3.0182116058724966,B,comprehensive,False
penalized_poisson,penalized_poisson_glm,all_public,ESP,2023,0,10.0,5.0,16.0,10.0,11.0,False,Spain,0,0.0,B,comprehensive,False
penalized_poisson,penalized_poisson_glm,all_public,SWE,2023,157,213.0,190.0,238.0,56.0,48.0,False,Sweden,157,1.4900397014909508,B,comprehensive,False
penalized_poisson,penalized_poisson_glm,climate,AUT,2023,97,339.0,309.0,370.0,242.0,61.0,False,Austria,97,1.0622266614292686,B,comprehensive,False
penalized_poisson,penalized_poisson_glm,climate,BEL,2023,99,31.0,22.0,40.0,68.0,18.0,False,Belgium,99,0.8404113227683727,C,not_comprehensive,True
penalized_poisson,penalized_poisson_glm,climate,BGR,2023,6,27.0,19.0,36.0,21.0,17.0,False,Bulgaria,6,0.093072374940201,B,comprehensive,False
penalized_poisson,penalized_poisson_glm,climate,HRV,2023,2,7.0,3.0,12.0,5.0,9.0,False,Croatia,2,0.0518176867237386,B,comprehensive,False
penalized_poisson,penalized_poisson_glm,climate,CYP,2023,0,0.0,0.0,0.0,0.0,0.0,True,Cyprus,0,0.0,C,unspecified,True
penalized_poisson,penalized_poisson_glm,climate,CZE,2023,11,59.0,47.0,73.0,48.0,26.0,False,Czechia,11,0.1012514495065464,B,comprehensive,False
penalized_poisson,penalized_poisson_glm,climate,EST,2023,19,12.0,7.0,19.0,7.0,12.0,True,Estonia,19,1.386571854342816,B,comprehensive,False
penalized_poisson,penalized_poisson_glm,climate,FIN,2023,806,2509.0,2427.0,2592.0,1703.0,165.0,False,Finland,806,14.43432748122239,B,comprehensive,False
penalized_poisson,penalized_poisson_glm,climate,FRA,2023,50,381.0,349.0,414.0,331.0,65.0,False,France,50,0.073129045297681,B,comprehensive,False
penalized_poisson,penalized_poisson_glm,climate,DEU,2023,335,2343.0,2264.0,2423.0,2008.0,159.0,False,Germany,335,0.4022223179284547,B,comprehensive,False
penalized_poisson,penalized_poisson_glm,climate,GRC,2023,1,7.0,3.0,12.0,6.0,9.0,False,Greece,1,0.009608593003157,B,comprehensive,False
penalized_poisson,penalized_poisson_glm,climate,HUN,2023,11,21.0,14.0,29.0,10.0,15.0,False,Hungary,11,0.1146766753688888,B,comprehensive,False
penalized_poisson,penalized_poisson_glm,climate,IRL,2023,0,1.0,0.0,3.0,1.0,3.0,True,Ireland,0,0.0,B,comprehensive,False
penalized_poisson,penalized_poisson_glm,climate,ITA,2023,0,1.0,0.0,3.0,1.0,3.0,True,Italy,0,0.0,B,comprehensive,False
penalized_poisson,penalized_poisson_glm,climate,LVA,2023,4,13.0,7.0,19.0,9.0,12.0,False,Latvia,4,0.2123469111487436,B,comprehensive,False
penalized_poisson,penalized_poisson_glm,climate,LIE,2023,0,0.0,0.0,0.0,0.0,0.0,True,Liechtenstein,0,0.0,B,comprehensive,False
penalized_poisson,penalized_poisson_glm,climate,LTU,2023,0,0.0,0.0,1.0,0.0,1.0,True,Lithuania,0,0.0,B,comprehensive,False
penalized_poisson,penalized_poisson_glm,climate,LUX,2023,5,42.0,31.0,53.0,37.0,22.0,False,Luxembourg,5,0.7502663445523161,B,comprehensive,False
penalized_poisson,penalized_poisson_glm,climate,MLT,2023,0,0.0,0.0,0.0,0.0,0.0,True,Malta,0,0.0,B,comprehensive,False
penalized_poisson,penalized_poisson_glm,climate,NLD,2023,0,27.0,19.0,36.0,27.0,17.0,False,Netherlands,0,0.0,B,comprehensive,False
penalized_poisson,penalized_poisson_glm,climate,NOR,2023,15,151.0,131.0,171.0,136.0,40.0,False,Norway,15,0.2717587738678937,B,comprehensive,False
penalized_poisson,penalized_poisson_glm,climate,POL,2023,43,87.0,72.0,103.0,44.0,31.0,False,Poland,43,0.1172066025041381,B,comprehensive,False
penalized_poisson,penalized_poisson_glm,climate,PRT,2023,0,11.0,6.0,17.0,11.0,11.0,False,Portugal,0,0.0,B,comprehensive,False
penalized_poisson,penalized_poisson_glm,climate,ROU,2023,6,106.0,90.0,124.0,100.0,34.0,False,Romania,6,0.0314777843962734,B,comprehensive,False
penalized_poisson,penalized_poisson_glm,climate,SVK,2023,154,36.0,26.0,46.0,118.0,20.0,False,Slovakia,154,2.837799489196092,B,comprehensive,False
penalized_poisson,penalized_poisson_glm,climate,SVN,2023,64,2995.0,2905.0,3085.0,2931.0,180.0,False,Slovenia,64,3.0182116058724966,B,comprehensive,False
penalized_poisson,penalized_poisson_glm,climate,ESP,2023,0,12.0,7.0,18.0,12.0,11.0,False,Spain,0,0.0,B,comprehensive,False
penalized_poisson,penalized_poisson_glm,climate,SWE,2023,157,261.0,235.0,288.0,104.0,53.0,False,Sweden,157,1.4900397014909508,B,comprehensive,False
penalized_poisson,penalized_poisson_glm,context,AUT,2023,97,272.0,245.0,299.0,175.0,54.0,False,Austria,97,1.0622266614292686,B,comprehensive,False
penalized_poisson,penalized_poisson_glm,context,BEL,2023,99,108.0,91.0,126.0,9.0,35.0,True,Belgium,99,0.8404113227683727,C,not_comprehensive,True
penalized_poisson,penalized_poisson_glm,context,BGR,2023,6,17.0,10.0,24.0,11.0,14.0,False,Bulgaria,6,0.093072374940201,B,comprehensive,False
penalized_poisson,penalized_poisson_glm,context,HRV,2023,2,35.0,26.0,45.0,33.0,19.0,False,Croatia,2,0.0518176867237386,B,comprehensive,False
penalized_poisson,penalized_poisson_glm,context,CYP,2023,0,0.0,0.0,1.0,0.0,1.0,True,Cyprus,0,0.0,C,unspecified,True
penalized_poisson,penalized_poisson_glm,context,CZE,2023,11,52.0,40.0,64.0,41.0,24.0,False,Czechia,11,0.1012514495065464,B,comprehensive,False
penalized_poisson,penalized_poisson_glm,context,EST,2023,19,9.0,5.0,15.0,10.0,10.0,False,Estonia,19,1.386571854342816,B,comprehensive,False
penalized_poisson,penalized_poisson_glm,context,FIN,2023,806,2929.0,2840.0,3018.0,2123.0,178.0,False,Finland,806,14.43432748122239,B,comprehensive,False
penalized_poisson,penalized_poisson_glm,context,FRA,2023,50,514.0,477.0,552.0,464.0,75.0,False,France,50,0.073129045297681,B,comprehensive,False
penalized_poisson,penalized_poisson_glm,context,DEU,2023,335,1349.0,1289.0,1410.0,1014.0,121.0,False,Germany,335,0.4022223179284547,B,comprehensive,False
penalized_poisson,penalized_poisson_glm,context,GRC,2023,1,9.0,4.0,14.0,8.0,10.0,False,Greece,1,0.009608593003157,B,comprehensive,False
penalized_poisson,penalized_poisson_glm,context,HUN,2023,11,32.0,23.0,42.0,21.0,19.0,False,Hungary,11,0.1146766753688888,B,comprehensive,False
penalized_poisson,penalized_poisson_glm,context,IRL,2023,0,5.0,2.0,9.0,5.0,7.0,False,Ireland,0,0.0,B,comprehensive,False
penalized_poisson,penalized_poisson_glm,context,ITA,2023,0,2.0,0.0,5.0,2.0,5.0,True,Italy,0,0.0,B,comprehensive,False
penalized_poisson,penalized_poisson_glm,context,LVA,2023,4,7.0,3.0,12.0,3.0,9.0,True,Latvia,4,0.2123469111487436,B,comprehensive,False
penalized_poisson,penalized_poisson_glm,context,LIE,2023,0,0.0,0.0,0.0,0.0,0.0,True,Liechtenstein,0,0.0,B,comprehensive,False
penalized_poisson,penalized_poisson_glm,context,LTU,2023,0,0.0,0.0,1.0,0.0,1.0,True,Lithuania,0,0.0,B,comprehensive,False
penalized_poisson,penalized_poisson_glm,context,LUX,2023,5,64.0,51.0,77.0,59.0,26.0,False,Luxembourg,5,0.7502663445523161,B,comprehensive,False
penalized_poisson,penalized_poisson_glm,context,MLT,2023,0,0.0,0.0,0.0,0.0,0.0,True,Malta,0,0.0,B,comprehensive,False
penalized_poisson,penalized_poisson_glm,context,NLD,2023,0,180.0,159.0,203.0,180.0,44.0,False,Netherlands,0,0.0,B,comprehensive,False
penalized_poisson,penalized_poisson_glm,context,NOR,2023,15,658.0,616.0,701.0,643.0,85.0,False,Norway,15,0.2717587738678937,B,comprehensive,False
penalized_poisson,penalized_poisson_glm,context,POL,2023,43,160.0,139.0,181.0,117.0,42.0,False,Poland,43,0.1172066025041381,B,comprehensive,False
penalized_poisson,penalized_poisson_glm,context,PRT,2023,0,0.0,0.0,1.0,0.0,1.0,True,Portugal,0,0.0,B,comprehensive,False
penalized_poisson,penalized_poisson_glm,context,ROU,2023,6,85.0,71.0,101.0,79.0,30.0,False,Romania,6,0.0314777843962734,B,comprehensive,False
penalized_poisson,penalized_poisson_glm,context,SVK,2023,154,40.0,30.0,51.0,114.0,21.0,False,Slovakia,154,2.837799489196092,B,comprehensive,False
penalized_poisson,penalized_poisson_glm,context,SVN,2023,64,2888.0,2800.0,2977.0,2824.0,177.0,False,Slovenia,64,3.0182116058724966,B,comprehensive,False
penalized_poisson,penalized_poisson_glm,context,ESP,2023,0,1.0,0.0,3.0,1.0,3.0,True,Spain,0,0.0,B,comprehensive,False
penalized_poisson,penalized_poisson_glm,context,SWE,2023,157,70.0,56.0,84.0,87.0,28.0,False,Sweden,157,1.4900397014909508,B,comprehensive,False
penalized_poisson,penalized_poisson_glm,land_use,AUT,2023,97,281.0,254.0,309.0,184.0,55.0,False,Austria,97,1.0622266614292686,B,comprehensive,False
penalized_poisson,penalized_poisson_glm,land_use,BEL,2023,99,18.0,11.0,25.0,81.0,14.0,False,Belgium,99,0.8404113227683727,C,not_comprehensive,True
penalized_poisson,penalized_poisson_glm,land_use,BGR,2023,6,8.0,4.0,14.0,2.0,10.0,True,Bulgaria,6,0.093072374940201,B,comprehensive,False
penalized_poisson,penalized_poisson_glm,land_use,HRV,2023,2,29.0,21.0,39.0,27.0,18.0,False,Croatia,2,0.0518176867237386,B,comprehensive,False
penalized_poisson,penalized_poisson_glm,land_use,CYP,2023,0,0.0,0.0,0.0,0.0,0.0,True,Cyprus,0,0.0,C,unspecified,True
penalized_poisson,penalized_poisson_glm,land_use,CZE,2023,11,29.0,20.0,38.0,18.0,18.0,False,Czechia,11,0.1012514495065464,B,comprehensive,False
penalized_poisson,penalized_poisson_glm,land_use,EST,2023,19,16.0,10.0,24.0,3.0,14.0,True,Estonia,19,1.386571854342816,B,comprehensive,False
penalized_poisson,penalized_poisson_glm,land_use,FIN,2023,806,2263.0,2185.0,2341.0,1457.0,156.0,False,Finland,806,14.43432748122239,B,comprehensive,False
penalized_poisson,penalized_poisson_glm,land_use,FRA,2023,50,219.0,195.0,244.0,169.0,49.0,False,France,50,0.073129045297681,B,comprehensive,False
penalized_poisson,penalized_poisson_glm,land_use,DEU,2023,335,1481.0,1418.0,1545.0,1146.0,127.0,False,Germany,335,0.4022223179284547,B,comprehensive,False
penalized_poisson,penalized_poisson_glm,land_use,GRC,2023,1,5.0,2.0,9.0,4.0,7.0,False,Greece,1,0.009608593003157,B,comprehensive,False
penalized_poisson,penalized_poisson_glm,land_use,HUN,2023,11,4.0,1.0,8.0,7.0,7.0,False,Hungary,11,0.1146766753688888,B,comprehensive,False
penalized_poisson,penalized_poisson_glm,land_use,IRL,2023,0,1.0,0.0,3.0,1.0,3.0,True,Ireland,0,0.0,B,comprehensive,False
penalized_poisson,penalized_poisson_glm,land_use,ITA,2023,0,0.0,0.0,1.0,0.0,1.0,True,Italy,0,0.0,B,comprehensive,False
penalized_poisson,penalized_poisson_glm,land_use,LVA,2023,4,15.0,9.0,21.0,11.0,12.0,False,Latvia,4,0.2123469111487436,B,comprehensive,False
penalized_poisson,penalized_poisson_glm,land_use,LIE,2023,0,0.0,0.0,2.0,0.0,2.0,True,Liechtenstein,0,0.0,B,comprehensive,False
penalized_poisson,penalized_poisson_glm,land_use,LTU,2023,0,0.0,0.0,0.0,0.0,0.0,True,Lithuania,0,0.0,B,comprehensive,False
penalized_poisson,penalized_poisson_glm,land_use,LUX,2023,5,16.0,10.0,23.0,11.0,13.0,False,Luxembourg,5,0.7502663445523161,B,comprehensive,False
penalized_poisson,penalized_poisson_glm,land_use,MLT,2023,0,0.0,0.0,0.0,0.0,0.0,True,Malta,0,0.0,B,comprehensive,False
penalized_poisson,penalized_poisson_glm,land_use,NLD,2023,0,17.0,11.0,25.0,17.0,14.0,False,Netherlands,0,0.0,B,comprehensive,False
penalized_poisson,penalized_poisson_glm,land_use,NOR,2023,15,158.0,138.0,179.0,143.0,41.0,False,Norway,15,0.2717587738678937,B,comprehensive,False
penalized_poisson,penalized_poisson_glm,land_use,POL,2023,43,59.0,47.0,73.0,16.0,26.0,False,Poland,43,0.1172066025041381,B,comprehensive,False
penalized_poisson,penalized_poisson_glm,land_use,PRT,2023,0,9.0,4.0,14.0,9.0,10.0,False,Portugal,0,0.0,B,comprehensive,False
penalized_poisson,penalized_poisson_glm,land_use,ROU,2023,6,41.0,31.0,52.0,35.0,21.0,False,Romania,6,0.0314777843962734,B,comprehensive,False
penalized_poisson,penalized_poisson_glm,land_use,SVK,2023,154,32.0,23.0,42.0,122.0,19.0,False,Slovakia,154,2.837799489196092,B,comprehensive,False
penalized_poisson,penalized_poisson_glm,land_use,SVN,2023,64,1136.0,1081.0,1192.0,1072.0,111.0,False,Slovenia,64,3.0182116058724966,B,comprehensive,False
penalized_poisson,penalized_poisson_glm,land_use,ESP,2023,0,0.0,0.0,1.0,0.0,1.0,True,Spain,0,0.0,B,comprehensive,False
penalized_poisson,penalized_poisson_glm,land_use,SWE,2023,157,316.0,287.0,345.0,159.0,58.0,False,Sweden,157,1.4900397014909508,B,comprehensive,False
penalized_poisson,penalized_poisson_glm,surveillance_only,AUT,2023,97,142.0,123.0,162.0,45.0,39.0,False,Austria,97,1.0622266614292686,B,comprehensive,False
penalized_poisson,penalized_poisson_glm,surveillance_only,BEL,2023,99,97.0,81.0,114.0,2.0,33.0,True,Belgium,99,0.8404113227683727,C,not_comprehensive,True
penalized_poisson,penalized_poisson_glm,surveillance_only,BGR,2023,6,49.0,38.0,61.0,43.0,23.0,False,Bulgaria,6,0.093072374940201,B,comprehensive,False
penalized_poisson,penalized_poisson_glm,surveillance_only,HRV,2023,2,57.0,45.0,70.0,55.0,25.0,False,Croatia,2,0.0518176867237386,B,comprehensive,False
penalized_poisson,penalized_poisson_glm,surveillance_only,CYP,2023,0,0.0,0.0,1.0,0.0,1.0,True,Cyprus,0,0.0,C,unspecified,True
penalized_poisson,penalized_poisson_glm,surveillance_only,CZE,2023,11,82.0,67.0,97.0,71.0,30.0,False,Czechia,11,0.1012514495065464,B,comprehensive,False
penalized_poisson,penalized_poisson_glm,surveillance_only,EST,2023,19,14.0,8.0,21.0,5.0,13.0,True,Estonia,19,1.386571854342816,B,comprehensive,False
penalized_poisson,penalized_poisson_glm,surveillance_only,FIN,2023,806,3028.0,2938.0,3119.0,2222.0,181.0,False,Finland,806,14.43432748122239,B,comprehensive,False
penalized_poisson,penalized_poisson_glm,surveillance_only,FRA,2023,50,552.0,513.0,591.0,502.0,78.0,False,France,50,0.073129045297681,B,comprehensive,False
penalized_poisson,penalized_poisson_glm,surveillance_only,DEU,2023,335,1041.0,989.0,1095.0,706.0,106.0,False,Germany,335,0.4022223179284547,B,comprehensive,False
penalized_poisson,penalized_poisson_glm,surveillance_only,GRC,2023,1,25.0,17.0,34.0,24.0,17.0,False,Greece,1,0.009608593003157,B,comprehensive,False
penalized_poisson,penalized_poisson_glm,surveillance_only,HUN,2023,11,73.0,59.0,87.0,62.0,28.0,False,Hungary,11,0.1146766753688888,B,comprehensive,False
penalized_poisson,penalized_poisson_glm,surveillance_only,IRL,2023,0,0.0,0.0,2.0,0.0,2.0,True,Ireland,0,0.0,B,comprehensive,False
penalized_poisson,penalized_poisson_glm,surveillance_only,ITA,2023,0,5.0,2.0,9.0,5.0,7.0,False,Italy,0,0.0,B,comprehensive,False
penalized_poisson,penalized_poisson_glm,surveillance_only,LVA,2023,4,14.0,9.0,21.0,10.0,12.0,False,Latvia,4,0.2123469111487436,B,comprehensive,False
penalized_poisson,penalized_poisson_glm,surveillance_only,LIE,2023,0,0.0,0.0,0.0,0.0,0.0,True,Liechtenstein,0,0.0,B,comprehensive,False
penalized_poisson,penalized_poisson_glm,surveillance_only,LTU,2023,0,0.0,0.0,1.0,0.0,1.0,True,Lithuania,0,0.0,B,comprehensive,False
penalized_poisson,penalized_poisson_glm,surveillance_only,LUX,2023,5,3.0,1.0,7.0,2.0,6.0,True,Luxembourg,5,0.7502663445523161,B,comprehensive,False
penalized_poisson,penalized_poisson_glm,surveillance_only,MLT,2023,0,0.0,0.0,0.0,0.0,0.0,True,Malta,0,0.0,B,comprehensive,False
penalized_poisson,penalized_poisson_glm,surveillance_only,NLD,2023,0,133.0,115.0,153.0,133.0,38.0,False,Netherlands,0,0.0,B,comprehensive,False
penalized_poisson,penalized_poisson_glm,surveillance_only,NOR,2023,15,44.0,33.0,55.0,29.0,22.0,False,Norway,15,0.2717587738678937,B,comprehensive,False
penalized_poisson,penalized_poisson_glm,surveillance_only,POL,2023,43,276.0,249.0,303.0,233.0,54.0,False,Poland,43,0.1172066025041381,B,comprehensive,False
penalized_poisson,penalized_poisson_glm,surveillance_only,PRT,2023,0,1.0,0.0,3.0,1.0,3.0,True,Portugal,0,0.0,B,comprehensive,False
penalized_poisson,penalized_poisson_glm,surveillance_only,ROU,2023,6,141.0,122.0,161.0,135.0,39.0,False,Romania,6,0.0314777843962734,B,comprehensive,False
penalized_poisson,penalized_poisson_glm,surveillance_only,SVK,2023,154,54.0,43.0,67.0,100.0,24.0,False,Slovakia,154,2.837799489196092,B,comprehensive,False
penalized_poisson,penalized_poisson_glm,surveillance_only,SVN,2023,64,2875.0,2787.0,2963.0,2811.0,176.0,False,Slovenia,64,3.0182116058724966,B,comprehensive,False
penalized_poisson,penalized_poisson_glm,surveillance_only,ESP,2023,0,4.0,1.0,7.0,4.0,6.0,False,Spain,0,0.0,B,comprehensive,False
penalized_poisson,penalized_poisson_glm,surveillance_only,SWE,2023,157,58.0,46.0,71.0,99.0,25.0,False,Sweden,157,1.4900397014909508,B,comprehensive,False
